lambda,test_accuracy,sparsity_percent
0.0,0.49,5.393235757946968
0.5,0.4937,14.091150462627411
2.0,0.4971,35.41808724403381
